<vector android:height="24dp" android:viewportHeight="512.0"
    android:viewportWidth="512.0" android:width="24dp" xmlns:android="http://schemas.android.com/apk/res/android">
    <path android:fillColor="#FFB32D" android:pathData="M338.8,113.9l-21.8,16.3l-52.8,-41.8L256,0c31.4,0 56.9,25.5 56.9,56.9c0,11.7 -3.5,22.5 -9.6,31.6l26.7,17.8C333.1,108.3 336.1,110.9 338.8,113.9z"/>
    <path android:fillColor="#FFDB70" android:pathData="M256,0l3.2,88.4l-64.1,41.8l-21.8,-16.3c2.7,-3 5.6,-5.6 8.7,-7.7l26.7,-17.8c-6,-9 -9.6,-19.9 -9.6,-31.6C199.1,25.5 224.6,0 256,0z"/>
    <path android:fillColor="#FECC33" android:pathData="M256,0c20.5,0 37.2,25.5 37.2,56.9c0,11.7 -2.3,22.5 -6.3,31.6l17.4,17.8c5.2,5.3 9.7,14.2 12.6,24L256,175.8l-61,-45.6c2.9,-9.8 7.3,-18.7 12.6,-24l17.4,-17.8c-3.9,-9 -6.3,-19.9 -6.3,-31.6C218.8,25.5 235.5,0 256,0z"/>
    <path android:fillColor="#FF7A23" android:pathData="M338.8,113.9l-24.6,8.2l4.7,56.4l33.8,-4.6l1.8,-15C356.2,144.1 349.5,126 338.8,113.9z"/>
    <path android:fillColor="#FF9926" android:pathData="M314.1,122.2c4.6,11.2 7.1,25.1 6.2,36.9l-1.5,19.5l-14.6,2L256,141.7L314.1,122.2z"/>
    <path android:fillColor="#FFEAAD" android:pathData="M173.2,113.9c-10.7,12 -17.4,30.2 -15.7,45.1l3.2,26.9l48.5,29.6l-11.4,-93.4C184.1,117.6 173.3,113.9 173.2,113.9z"/>
    <path android:fillColor="#FECC33" android:pathData="M352.6,174l-1.4,11.9l-60.5,61.8l29.3,-84.7z"/>
    <path android:fillColor="#FFDB70" android:pathData="M320.1,163.1l-6.5,84.7l-8.8,14.4l-109.6,-58.1l-3.5,-45.1c-0.9,-11.8 1.6,-25.7 6.2,-36.9C222.3,130.3 320.1,163.1 320.1,163.1z"/>
    <path android:fillColor="#FECC33" android:pathData="M194.6,197.3l25.9,59.1l-52.5,-9l-7.2,-61.4z"/>
    <path android:fillColor="#FFB32D" android:pathData="M256,217.9l-35.5,38.5l-21.6,-3.7l-4.3,-55.4z"/>
    <path android:fillColor="#FFB32D" android:pathData="M197.7,237.4l26.7,73.7l-54.2,-45.8l-2.1,-18z"/>
    <path android:fillColor="#FF7A23" android:pathData="M351.2,186l-9.3,79.4l-54.2,34.4l29.8,-102.5z"/>
    <path android:fillColor="#FF9926" android:pathData="M317.4,197.3l-7,91.1l-54.4,39.9l-54.4,-39.9l-3.9,-51z"/>
    <path android:fillColor="#FF9926" android:pathData="M341.9,265.3l-6.5,55.4l-51.6,18l27.6,-63.2z"/>
    <path android:fillColor="#FFB32D" android:pathData="M311.4,275.6l-4.9,63.2l-6.7,4.2l-43.8,-48.8z"/>
    <path android:fillColor="#FECC33" android:pathData="M335.4,320.7l-2.8,24l-51.2,37.5l27.3,-70.5z"/>
    <path android:fillColor="#FFEAAD" android:pathData="M200.6,275.6l29.5,110.9l-50.7,-41.8l-9.3,-79.3z"/>
    <path android:fillColor="#FFDB70" android:pathData="M308.6,311.8l-4.5,59.1l-36.7,33.7l-60,-40.8l-6.8,-88.1z"/>
    <path android:fillColor="#FF7A23" android:pathData="M305.4,353.8l27.2,-9.1c0,0 -9.3,79.4 -9.3,79.4l-47.6,32.3L305.4,353.8z"/>
    <path android:fillColor="#FECC33" android:pathData="M206.6,353.8l26.5,60.2l-47.9,-19.9l-5.8,-49.4z"/>
    <path android:fillColor="#FFB32D" android:pathData="M256,370.3l-31.4,37.1l-14.2,-4.8l-3.8,-48.8z"/>
    <path android:fillColor="#FF9926" android:pathData="M305.4,353.8l-7,91.2L256,480.7c0,0 -23.2,-19.6 -42.4,-35.7l-4.5,-58.9L305.4,353.8z"/>
    <path android:fillColor="#FFB32D" android:pathData="M209.1,386.1l4.5,58.9c-13.4,-11.3 -24.9,-21 -24.9,-21l-3.5,-30L209.1,386.1z"/>
    <path android:fillColor="#FF9926" android:pathData="M323.2,424l-5.1,43.3c-0,0 -44.8,18.9 -44.8,18.9l26.1,-54.3C312.4,427.7 323.2,424 323.2,424z"/>
    <path android:fillColor="#FFB32D" android:pathData="M299.4,432l-3.3,42.9c-8.9,3 -17.2,5.9 -17.2,5.9L256,446.6C256,446.6 280,438.5 299.4,432z"/>
    <path android:fillColor="#FECC33" android:pathData="M297.2,460.4L270.9,512h7.9c18.8,0 35.9,-15.3 38.1,-33.9l1.3,-10.7C318.1,467.4 308.7,464.2 297.2,460.4z"/>
    <path android:fillColor="#FFEAAD" android:pathData="M212.6,432c-13,-4.4 -23.9,-8 -23.9,-8l6.4,54.1C197.3,496.7 214.5,512 233.2,512h7.9L212.6,432z"/>
    <path android:fillColor="#FFDB70" android:pathData="M212.6,432l3.5,46.1C217.6,496.7 228.8,512 241.1,512h29.8c12.3,0 23.5,-15.3 24.9,-33.9l1.4,-17.7C279.1,454.3 232,438.5 212.6,432z"/>
</vector>
