<vector android:height="24dp" android:viewportHeight="58.0"
    android:viewportWidth="58.0" android:width="24dp" xmlns:android="http://schemas.android.com/apk/res/android">
    <path android:fillColor="#A98258" android:pathData="M48,0l-38,0l-10,16l0,42l58,0l0,-42z"/>
    <path android:fillColor="#DAAE86" android:pathData="M10,0l-10,16l58,0l-10,-16z"/>
    <path android:fillColor="#D8B18B" android:pathData="M33,54l-4,-4l-4,4l-2,-2l0,6l12,0l0,-6z"/>
    <path android:fillColor="#E8D5B2" android:pathData="M20,30h18v16h-18z"/>
    <path android:fillColor="#D4C3A5" android:pathData="M30,41h-6c-0.55,0 -1,0.45 -1,1s0.45,1 1,1h6c0.55,0 1,-0.45 1,-1S30.55,41 30,41z"/>
    <path android:fillColor="#D4C3A5" android:pathData="M34,41h-1c-0.55,0 -1,0.45 -1,1s0.45,1 1,1h1c0.55,0 1,-0.45 1,-1S34.55,41 34,41z"/>
    <path android:fillColor="#D4C3A5" android:pathData="M28,35h6c0.55,0 1,-0.45 1,-1s-0.45,-1 -1,-1h-6c-0.55,0 -1,0.45 -1,1S27.45,35 28,35z"/>
    <path android:fillColor="#D4C3A5" android:pathData="M34,37h-2c-0.55,0 -1,0.45 -1,1s0.45,1 1,1h2c0.55,0 1,-0.45 1,-1S34.55,37 34,37z"/>
    <path android:fillColor="#D4C3A5" android:pathData="M24,39h2c0.55,0 1,-0.45 1,-1s-0.45,-1 -1,-1h-2c-0.55,0 -1,0.45 -1,1S23.45,39 24,39z"/>
    <path android:fillColor="#D4C3A5" android:pathData="M24,35h1c0.55,0 1,-0.45 1,-1s-0.45,-1 -1,-1h-1c-0.55,0 -1,0.45 -1,1S23.45,35 24,35z"/>
    <path android:fillColor="#D4C3A5" android:pathData="M28.29,37.29C28.11,37.48 28,37.73 28,38c0,0.27 0.11,0.52 0.29,0.71C28.48,38.89 28.74,39 29,39c0.26,0 0.52,-0.11 0.71,-0.29C29.89,38.52 30,38.26 30,38s-0.11,-0.52 -0.29,-0.71C29.33,36.92 28.66,36.92 28.29,37.29z"/>
    <path android:fillColor="#F4D5BD" android:pathData="M23,0h12v16h-12z"/>
    <path android:fillColor="#D8B18B" android:pathData="M25,21l4,4l4,-4l2,2l0,-7l-12,0l0,7z"/>
</vector>
